/static/pages/20170505-abps/0001.jpg	math-quick-and-accurate	hk-maths-2002	數	三位、四位、五位及多位數	三位數			3					S	B	Q	V	C
/static/pages/20170505-abps/0002.jpg	math-quick-and-accurate	hk-maths-2002	數	三位、四位、五位及多位數	三位數			6					S	B	Q	V	C
/static/pages/20170505-abps/0003.jpg	math-quick-and-accurate	hk-maths-2002	數	三位、四位、五位及多位數	大數量的估計			3					S	B	Q	V	C
/static/pages/20170505-abps/0004.jpg	math-quick-and-accurate	hk-maths-2002	數	三位、四位、五位及多位數	大數量的估計			6					S	B	Q	V	C
/static/pages/20170505-abps/0005.jpg	math-quick-and-accurate	hk-maths-2002	圖形與空間	方向	方向			3					S	B	Q	V	C
/static/pages/20170505-abps/0006.jpg	math-quick-and-accurate	hk-maths-2002	圖形與空間	方向	方向			6					S	B	Q	V	C
/static/pages/20170505-abps/0007.jpg	math-quick-and-accurate	hk-maths-2002	數	分數	異分母分數加法			3					S	B	Q	V	C
/static/pages/20170505-abps/0008.jpg	math-quick-and-accurate	hk-maths-2002	數	分數	異分母分數加法			6					S	B	Q	V	C
/static/pages/20170505-abps/0009.jpg	math-quick-and-accurate	hk-maths-2002	數	分數	異分母分數減法			3					S	B	Q	V	C
/static/pages/20170505-abps/0010.jpg	math-quick-and-accurate	hk-maths-2002	數	分數	異分母分數減法			6					S	B	Q	V	C
/static/pages/20170505-abps/0011.jpg	math-quick-and-accurate	hk-maths-2002	數	分數	分數加減應用題 			3					S	B	Q	V	C
/static/pages/20170505-abps/0012.jpg	math-quick-and-accurate	hk-maths-2002	數	分數	分數加減應用題 			6					S	B	Q	V	C
/static/pages/20170505-abps/0013.jpg	math-quick-and-accurate	hk-maths-2002	數	分數	異分母分數加減混合計算			3					S	B	Q	V	C
/static/pages/20170505-abps/0014.jpg	math-quick-and-accurate	hk-maths-2002	數	分數	異分母分數加減混合計算			6					S	B	Q	V	C
/static/pages/20170505-abps/0015.jpg	math-quick-and-accurate	hk-maths-2002	數	分數	分數四則計算			3					S	B	Q	V	C
/static/pages/20170505-abps/0016.jpg	math-quick-and-accurate	hk-maths-2002	數	分數	分數四則計算			6					S	B	Q	V	C
/static/pages/20170505-abps/0017.jpg	math-quick-and-accurate	hk-maths-2002	數據處理	統計圖	象形圖的認識			3					S	B	Q	V	C
/static/pages/20170505-abps/0018.jpg	math-quick-and-accurate	hk-maths-2002	數據處理	統計圖	象形圖的認識			6					S	B	Q	V	C
/static/pages/20170505-abps/0019.jpg	math-quick-and-accurate	hk-maths-2002	數據處理	統計圖	象形圖			3					S	B	Q	V	C
/static/pages/20170505-abps/0020.jpg	math-quick-and-accurate	hk-maths-2002	數據處理	統計圖	象形圖			6					S	B	Q	V	C
/static/pages/20170505-abps/0021.jpg	math-quick-and-accurate	hk-maths-2002	數	分數	整數和分數的乘法			3					S	B	Q	V	C
/static/pages/20170505-abps/0022.jpg	math-quick-and-accurate	hk-maths-2002	數	分數	整數和分數的乘法			6					S	B	Q	V	C
/static/pages/20170505-abps/0023.jpg	math-quick-and-accurate	hk-maths-2002	數	分數	分數和分數的乘法			3					S	B	Q	V	C
/static/pages/20170505-abps/0024.jpg	math-quick-and-accurate	hk-maths-2002	數	分數	分數和分數的乘法			6					S	B	Q	V	C
/static/pages/20170505-abps/0025.jpg	math-quick-and-accurate	hk-maths-2002	數	分數	分數連乘法			3					S	B	Q	V	C
/static/pages/20170505-abps/0026.jpg	math-quick-and-accurate	hk-maths-2002	數	分數	分數連乘法			6					S	B	Q	V	C
/static/pages/20170505-abps/0027.jpg	math-quick-and-accurate	hk-maths-2002	數	分數	分數乘法應用題			3					S	B	Q	V	C
/static/pages/20170505-abps/0028.jpg	math-quick-and-accurate	hk-maths-2002	數	分數	分數乘法應用題			6					S	B	Q	V	C
/static/pages/20170505-abps/0029.jpg	math-quick-and-accurate	hk-maths-2002	代數	代數	代數符號			3					S	B	Q	V	C
/static/pages/20170505-abps/0030.jpg	math-quick-and-accurate	hk-maths-2002	代數	代數	代數符號			6					S	B	Q	V	C
/static/pages/20170505-abps/0031.jpg	math-quick-and-accurate	hk-maths-2002	代數	代數	代數式			3					S	B	Q	V	C
/static/pages/20170505-abps/0032.jpg	math-quick-and-accurate	hk-maths-2002	代數	代數	代數式			6					S	B	Q	V	C
/static/pages/20170505-abps/0033.jpg	math-quick-and-accurate	hk-maths-2002	度量	面積	平行四邊形的面積			3					S	B	Q	V	C
/static/pages/20170505-abps/0034.jpg	math-quick-and-accurate	hk-maths-2002	度量	面積	平行四邊形的面積			6					S	B	Q	V	C
/static/pages/20170505-abps/0035.jpg	math-quick-and-accurate	hk-maths-2002	度量	面積	三角形的面積			3					S	B	Q	V	C
/static/pages/20170505-abps/0036.jpg	math-quick-and-accurate	hk-maths-2002	度量	面積	三角形的面積			6					S	B	Q	V	C
/static/pages/20170505-abps/0037.jpg	math-quick-and-accurate	hk-maths-2002	度量	面積	梯形的面積			3					S	B	Q	V	C
/static/pages/20170505-abps/0038.jpg	math-quick-and-accurate	hk-maths-2002	度量	面積	梯形的面積			6					S	B	Q	V	C
/static/pages/20170505-abps/0039.jpg	math-quick-and-accurate	hk-maths-2002	度量	面積	多邊形的面積			3					S	B	Q	V	C
/static/pages/20170505-abps/0040.jpg	math-quick-and-accurate	hk-maths-2002	度量	面積	多邊形的面積			6					S	B	Q	V	C
/static/pages/20170505-abps/0041.jpg	math-quick-and-accurate	hk-maths-2002	度量	面積	面積應用題			3					S	B	Q	V	C
/static/pages/20170505-abps/0042.jpg	math-quick-and-accurate	hk-maths-2002	度量	面積	面積應用題			6					S	B	Q	V	C
/static/pages/custom/page_01.jpg	math-quick-and-accurate	hk-maths-2002	度量	面積	三角形的面積			1					S	B	Q	V	C
/static/pages/custom/page_02.jpg	math-quick-and-accurate	hk-maths-2002	度量	面積	三角形的面積			2					S	B	Q	V	C
/static/pages/custom/page_03.jpg	math-quick-and-accurate	hk-maths-2002	度量	面積	三角形的面積			4					S	B	Q	V	C
/static/pages/custom/page_04.jpg	math-quick-and-accurate	hk-maths-2002	度量	面積	三角形的面積			5					S	B	Q	V	C
/static/pages/custom/page_05.jpg	math-quick-and-accurate	hk-maths-2002	度量	面積	三角形的面積			7					S	B	Q	V	C
/static/pages/custom/page_06.jpg	math-quick-and-accurate	hk-maths-2002	度量	面積	三角形的面積			8					S	B	Q	V	C
/static/pages/custom/page_07.jpg	math-quick-and-accurate	hk-maths-2002	度量	面積	三角形的面積			7					S	F	Q	V	C
/static/pages/custom/page_08.jpg	math-quick-and-accurate	hk-maths-2002	度量	面積	三角形的面積			8					S	F	Q	V	C
/static/pages/custom/page_09.jpg	math-quick-and-accurate	hk-maths-2002	數	三位、四位、五位及多位數	三位數			1					S	B	Q	V	C
/static/pages/custom/page_10.jpg	math-quick-and-accurate	hk-maths-2002	數	三位、四位、五位及多位數	三位數			2					S	B	Q	V	C
/static/pages/custom/page_11.jpg	math-quick-and-accurate	hk-maths-2002	數	三位、四位、五位及多位數	三位數			4					S	B	Q	V	C
/static/pages/custom/page_12.jpg	math-quick-and-accurate	hk-maths-2002	數	三位、四位、五位及多位數	多位數			7					S	B	Q	V	C
/static/pages/custom/page_13.jpg	math-quick-and-accurate	hk-maths-2002	數	三位、四位、五位及多位數	多位數			8					S	B	Q	V	C
/static/pages/custom/page_14.jpg	math-quick-and-accurate	hk-maths-2002	度量	面積	多邊形的面積			1					S	B	Q	V	C
/static/pages/custom/page_15.jpg	math-quick-and-accurate	hk-maths-2002	度量	面積	多邊形的面積			2					S	B	Q	V	C
/static/pages/custom/page_16.jpg	math-quick-and-accurate	hk-maths-2002	度量	面積	多邊形的面積		4					S	B	Q	V	C
/static/pages/custom/page_17.jpg	math-quick-and-accurate	hk-maths-2002	度量	面積	多邊形的面積			1					S	B	Q	V	C
/static/pages/custom/page_18.jpg	math-quick-and-accurate	hk-maths-2002	度量	面積	多邊形的面積			2					S	B	Q	V	C
/static/pages/custom/page_19.jpg	math-quick-and-accurate	hk-maths-2002	度量	面積	平行四邊形的面積			4					S	B	Q	V	C
/static/pages/custom/page_20.jpg	math-quick-and-accurate	hk-maths-2002	度量	面積	平行四邊形的面積			7					S	B	Q	V	C
/static/pages/custom/page_21.jpg	math-quick-and-accurate	hk-maths-2002	度量	面積	平行四邊形的面積			8					S	B	Q	V	C
/static/pages/custom/page_22.jpg	math-quick-and-accurate	hk-maths-2002	度量	面積	平行四邊形的面積			1					S	B	Q	V	C
/static/pages/custom/page_23.jpg	math-quick-and-accurate	hk-maths-2002	度量	面積	平行四邊形的面積			2					S	B	Q	V	C
/static/pages/custom/page_24.jpg	math-quick-and-accurate	hk-maths-2002	圖形與空間	方向	方向			4					S	B	Q	V	C
/static/pages/custom/page_25.jpg	math-quick-and-accurate	hk-maths-2002	圖形與空間	方向	方向			7					S	B	Q	V	C
/static/pages/custom/page_26.jpg	math-quick-and-accurate	hk-maths-2002	圖形與空間	方向	方向			8					S	B	Q	V	C
/static/pages/custom/page_27.jpg	math-quick-and-accurate	hk-maths-2002	圖形與空間	方向	方向			1					S	B	Q	V	C
/static/pages/custom/page_28.jpg	math-quick-and-accurate	hk-maths-2002	圖形與空間	方向	方向			2					S	B	Q	V	C
/static/pages/custom/page_29.jpg	math-quick-and-accurate	hk-maths-2002	度量	面積	梯形的面積			4					S	B	Q	V	C
/static/pages/custom/page_30.jpg	math-quick-and-accurate	hk-maths-2002	度量	面積	梯形的面積			7					S	B	Q	V	C
/static/pages/custom/page_31.jpg	math-quick-and-accurate	hk-maths-2002	度量	面積	梯形的面積			8					S	B	Q	V	C
/static/pages/custom/page_32.jpg	math-quick-and-accurate	hk-maths-2002	度量	面積	梯形的面積			1					S	B	Q	V	C
/static/pages/custom/page_33.jpg	math-quick-and-accurate	hk-maths-2002	度量	面積	梯形的面積			2					S	B	Q	V	C
/static/pages/custom/page_34.jpg	math-quick-and-accurate	hk-maths-2002	數	分數	異分母分數加法			4					S	B	Q	V	C
/static/pages/custom/page_35.jpg	math-quick-and-accurate	hk-maths-2002	數	分數	異分母分數加法			7					S	B	Q	V	C
/static/pages/custom/page_36.jpg	math-quick-and-accurate	hk-maths-2002	數	分數	異分母分數加法			8					S	B	Q	V	C
/static/pages/custom/page_37.jpg	math-quick-and-accurate	hk-maths-2002	數	分數	異分母分數加法			7					S	B	Q	V	C
/static/pages/custom/page_38.jpg	math-quick-and-accurate	hk-maths-2002	數	分數	異分母分數加法			7					S	B	Q	V	C